{"cameraMode":{"drawMode":0,"name":"Shaded","section":"Shading Mode"},"sceneLighting":true,"audioPlay":false,"sceneViewState":{"m_AlwaysRefresh":false,"showFog":true,"showSkybox":true,"showFlares":true,"showImageEffects":true,"showParticleSystems":true,"showVisualEffectGraphs":true,"m_FxEnabled":true},"in2DMode":false,"pivot":{"x":-0.9903103709220886,"y":0.7271313667297363,"z":-0.5269379019737244},"rotation":{"x":0.15212924778461457,"y":0.5513716340065002,"z":-0.10307623445987702,"w":0.8137776851654053},"size":3.1441614627838136,"orthographic":false}